https:,,fortsmith.craigslist.org,,search,acc
https:,,fortsmith.craigslist.org,,search,ofc
https:,,fortsmith.craigslist.org,,search,egr
https:,,fortsmith.craigslist.org,,search,med
https:,,fortsmith.craigslist.org,,search,sci
https:,,fortsmith.craigslist.org,,search,bus
https:,,fortsmith.craigslist.org,,search,csr
https:,,fortsmith.craigslist.org,,search,edu
https:,,fortsmith.craigslist.org,,search,fbh
https:,,fortsmith.craigslist.org,,search,lab
https:,,fortsmith.craigslist.org,,search,gov
https:,,fortsmith.craigslist.org,,search,hum
https:,,fortsmith.craigslist.org,,search,eng
https:,,fortsmith.craigslist.org,,search,lgl
https:,,fortsmith.craigslist.org,,search,mnu
https:,,fortsmith.craigslist.org,,search,mar
https:,,fortsmith.craigslist.org,,search,hea
https:,,fortsmith.craigslist.org,,search,npo
https:,,fortsmith.craigslist.org,,search,rej
https:,,fortsmith.craigslist.org,,search,ret
https:,,fortsmith.craigslist.org,,search,sls
https:,,fortsmith.craigslist.org,,search,spa
https:,,fortsmith.craigslist.org,,search,sec
https:,,fortsmith.craigslist.org,,search,trd
https:,,fortsmith.craigslist.org,,search,sof
https:,,fortsmith.craigslist.org,,search,sad
https:,,fortsmith.craigslist.org,,search,tch
https:,,fortsmith.craigslist.org,,search,trp
https:,,fortsmith.craigslist.org,,search,tfr
https:,,fortsmith.craigslist.org,,search,web
https:,,fortsmith.craigslist.org,,search,wri
https:,,fortsmith.craigslist.org,,search,etc
https:,,fortsmith.craigslist.org,,search,jjj?employment_type=2
